Epoch ,               Cur LR ,              Cur MSE ,               Cur KL ,             Saved KL ,            Saved MSE ,               KL Reg
0,0.01,94.86312552,0.216728194,0.216728194,94.86312552,1
1,0.01,589.3245626,10666.55162,215.5799359,87.36253835,1
2,0.01,566.733033,10666.55162,215.5799359,87.36253835,1
3,0.01,538.9153881,10666.55162,215.5799359,87.36253835,1
4,0.009,515.1470891,10666.55162,215.5799359,87.36253835,1
5,0.009,565.4462389,10666.55162,215.5799359,87.36253835,1
6,0.009,524.6638139,10666.55162,215.5799359,87.36253835,1
7,0.0081,601.624964,10666.55162,215.5799359,87.36253835,1
8,0.0081,635.567308,10666.55162,215.5799359,87.36253835,1
9,0.0081,580.7834423,10666.55162,215.5799359,87.36253835,1
10,0.00729,516.3052636,10666.55162,215.5799359,87.36253835,1
11,0.00729,550.1803896,10666.55162,215.5799359,87.36253835,1
12,0.00729,547.0810283,10666.55162,215.5799359,87.36253835,1
13,0.006561,597.4989644,10666.55162,215.5799359,87.36253835,1
14,0.006561,545.1376233,10666.55162,215.5799359,87.36253835,1
15,0.006561,535.5406397,10666.55162,215.5799359,87.36253835,1
16,0.0059049,578.2725673,10666.55162,215.5799359,87.36253835,1
17,0.0059049,553.0219077,10666.55162,215.5799359,87.36253835,1
18,0.0059049,528.3991914,10666.55162,215.5799359,87.36253835,1
19,0.00531441,565.3969019,10666.55162,215.5799359,87.36253835,1
20,0.00531441,572.2274224,10666.55162,215.5799359,87.36253835,1
21,0.00531441,540.1562133,10666.55162,215.5799359,87.36253835,1
22,0.004782969,556.2093856,10666.55161,215.5799359,87.36253835,1
23,0.004782969,551.814186,10666.55161,215.5799359,87.36253835,1
24,0.004782969,635.003002,10666.55161,215.5799359,87.36253835,1
25,0.004304672,558.0338168,10666.55161,215.5799359,87.36253835,1
26,0.004304672,508.9830132,10666.55161,215.5799359,87.36253835,1
27,0.004304672,540.1172372,10666.5516,215.5799359,87.36253835,1
28,0.003874205,595.2388562,10666.55159,215.5799359,87.36253835,1
29,0.003874205,532.1116816,10666.55157,215.5799359,87.36253835,1
30,0.003874205,556.1910084,10666.55155,215.5799359,87.36253835,1
31,0.003486784,566.7868835,10666.55151,215.5799359,87.36253835,1
32,0.003486784,520.4530146,10666.55144,215.5799359,87.36253835,1
33,0.003486784,580.6747211,10666.55133,215.5799359,87.36253835,1
34,0.003138106,591.1019528,10666.55118,215.5799359,87.36253835,1
35,0.003138106,483.6959216,10666.55091,215.5799359,87.36253835,1
36,0.003138106,612.3617033,10666.55048,215.5799359,87.36253835,1
37,0.002824295,577.4199055,10666.54984,215.5799359,87.36253835,1
38,0.002824295,531.5070567,10666.54877,215.5799359,87.36253835,1
39,0.002824295,531.2770712,10666.54703,215.5799359,87.36253835,1
40,0.002541866,535.4446687,10666.54443,215.5799359,87.36253835,1
41,0.002541866,599.4124069,10666.54014,215.5799359,87.36253835,1
42,0.002541866,560.1171309,10666.5331,215.5799359,87.36253835,1
43,0.002287679,578.4161099,10666.52266,215.5799359,87.36253835,1
44,0.002287679,544.5862675,10666.50537,215.5799359,87.36253835,1
45,0.002287679,556.8937176,10666.47691,215.5799359,87.36253835,1
46,0.002058911,564.7021807,10666.43458,215.5799359,87.36253835,1
47,0.002058911,562.8458369,10666.3649,215.5799359,87.36253835,1
48,0.002058911,563.7664636,10666.25024,215.5799359,87.36253835,1
49,0.00185302,544.5490665,10666.07994,215.5799359,87.36253835,1
50,0.00185302,543.3115167,10665.80126,215.5799359,87.36253835,1
51,0.00185302,593.4713628,10665.34171,215.5799359,87.36253835,1
52,0.001667718,553.9493001,10664.66449,215.5799359,87.36253835,1
53,0.001667718,561.5511338,10663.55855,215.5799359,87.36253835,1
54,0.001667718,550.2120102,10661.77444,215.5799359,87.36253835,1
55,0.001500946,645.0690236,10659.18642,215.5799359,87.36253835,1
56,0.001500946,489.7225049,10655.11834,215.5799359,87.36253835,1
57,0.001500946,499.6365991,10648.857,215.5799359,87.36253835,1
58,0.001350852,506.2925666,10640.5212,215.5799359,87.36253835,1
59,0.001350852,441.4876699,10628.95344,215.5799359,87.36253835,1
60,0.001350852,410.4449713,10614.51421,215.5799359,87.36253835,1
61,0.001215767,382.4999611,10600.76189,215.5799359,87.36253835,1
62,0.001215767,396.9857854,10589.84434,215.5799359,87.36253835,1
63,0.001215767,338.362178,10585.05104,215.5799359,87.36253835,1
64,0.00109419,291.1786346,10583.50452,215.5799359,87.36253835,1
65,0.00109419,355.3698841,10578.20823,215.5799359,87.36253835,1
66,0.00109419,335.4293413,10565.54383,215.5799359,87.36253835,1
67,0.000984771,338.4911584,10547.60448,215.5799359,87.36253835,1
68,0.000984771,321.2700707,10524.988,215.5799359,87.36253835,1
69,0.000984771,331.1592531,10503.02323,215.5799359,87.36253835,1
70,0.000886294,326.5139108,10495.67615,215.5799359,87.36253835,1
71,0.000886294,301.8238196,10526.65759,215.5799359,87.36253835,1
72,0.000886294,332.5991698,10633.77285,215.5799359,87.36253835,1
73,0.000797664,316.9363767,10832.07807,215.5799359,87.36253835,1
74,0.000797664,325.6400101,11154.55182,215.5799359,87.36253835,1
75,0.000797664,301.2766576,11591.26681,215.5799359,87.36253835,1
76,0.000717898,272.108393,12021.07176,215.5799359,87.36253835,1
77,0.000717898,337.5505954,12354.60109,215.5799359,87.36253835,1
78,0.000717898,312.9902656,12515.33101,215.5799359,87.36253835,1
79,0.000646108,285.5187799,12552.89312,215.5799359,87.36253835,1
80,0.000646108,315.9883477,12558.25978,215.5799359,87.36253835,1
81,0.000646108,267.4106931,12538.26595,215.5799359,87.36253835,1
82,0.000581497,251.1165641,12484.65961,215.5799359,87.36253835,1
83,0.000581497,251.4616001,12372.54357,215.5799359,87.36253835,1
84,0.000581497,278.0294798,12217.99615,215.5799359,87.36253835,1
85,0.000523348,259.7008285,11971.88406,215.5799359,87.36253835,1
86,0.000523348,271.5408441,11582.3004,215.5799359,87.36253835,1
87,0.000523348,267.2837128,10993.12342,215.5799359,87.36253835,1
88,0.000471013,225.4913477,10270.85857,215.5799359,87.36253835,1
89,0.000471013,210.2534641,9268.974317,215.5799359,87.36253835,1
90,0.000471013,177.4826814,8076.216284,215.5799359,87.36253835,1
91,0.000423912,154.2345044,6889.948433,215.5799359,87.36253835,1
92,0.000423912,137.8078298,5667.479059,215.5799359,87.36253835,1
93,0.000423912,126.2151825,4593.968139,215.5799359,87.36253835,1
94,0.00038152,102.3643632,3758.771025,215.5799359,87.36253835,1
95,0.00038152,90.10857377,3121.516106,215.5799359,87.36253835,1
96,0.00038152,82.23031605,2656.25897,2709.473974,80.09104366,1
97,0.00038152,80.51720495,2394.666769,2400.047153,73.43630288,1
98,0.00038152,72.85236856,2200.209047,2244.831217,70.28559294,1
99,0.00038152,67.59687541,2082.058216,2116.312594,67.10682654,1
100,0.00038152,65.1816435,2022.490283,2001.789138,63.99034477,1
101,0.00038152,63.78842969,1994.848385,1965.292723,60.27614757,1
102,0.00038152,59.95836321,1939.492967,1900.958967,57.63621755,1
103,0.00038152,57.92014013,1875.173511,1884.011589,55.58721008,1
104,0.00038152,54.81571815,1853.474327,1854.340932,53.45232879,1
105,0.00038152,52.02989139,1828.35309,1809.167428,50.61422057,1
106,0.00038152,50.12153295,1767.072601,1795.035001,47.91159829,1
107,0.00038152,47.22333693,1741.797234,1735.268994,45.45541801,1
108,0.00038152,44.02138311,1676.371554,1703.164614,43.08305953,1
109,0.00038152,43.36640752,1599.865763,1612.113594,40.46814729,1
110,0.00038152,40.08654609,1557.277734,1565.862824,37.88062657,1
111,0.00038152,37.43962777,1494.673831,1478.855862,35.88997778,1
112,0.00038152,35.42733867,1439.432402,1459.969647,33.56885124,1
113,0.00038152,33.30358067,1425.477917,1424.196445,31.09740218,1
114,0.00038152,31.04366683,1368.918045,1381.056708,28.57863297,1
115,0.00038152,28.22967539,1364.081851,1334.903597,26.43653916,1
116,0.00038152,25.57114256,1341.92703,1318.084783,24.09545461,1
117,0.00038152,22.99505636,1272.091178,1246.049505,22.01878826,1
118,0.00038152,20.48275856,1213.848931,1203.344665,20.03551436,1
119,0.00038152,18.56343144,1127.426065,1141.370194,17.97052383,1
120,0.00038152,16.5471336,1033.726092,1030.793443,15.8811446,1
121,0.00038152,14.92299089,930.0133331,971.0250686,14.16628886,1
122,0.00038152,12.81401361,813.6993436,826.7637636,12.49286799,1
123,0.00038152,11.44207609,668.7499899,676.2743146,11.2924241,1
124,0.00038152,10.20602754,544.3783494,517.6672905,10.15262275,1
125,0.00038152,9.284016889,362.266077,356.7330982,9.19816873,1
126,0.00038152,8.326643623,269.1831192,266.4046324,8.320267967,1
127,0.00038152,7.580669366,218.2072908,210.1021944,7.582840781,1
128,0.00038152,6.927093959,158.8468817,166.2484704,6.910657739,1
129,0.00038152,6.323660054,129.1819274,129.1819274,6.323660054,1
130,0.00038152,5.790247542,100.4749454,100.4749454,5.790247542,1
131,0.00038152,5.32079383,79.59594497,82.14911092,5.316622926,1
132,0.00038152,4.895911563,62.32866442,62.60738479,4.89530495,1
133,0.00038152,4.52469566,46.95817874,46.95817874,4.52469566,1
134,0.00038152,4.192903973,38.01782582,38.15585865,4.191877022,1
135,0.00038152,3.903307186,31.28223323,31.28223323,3.903307186,1
136,0.00038152,3.655155044,27.46541704,27.46541704,3.655155044,1
137,0.00038152,3.440844409,24.79744441,24.79744441,3.440844409,1
138,0.00038152,3.246289279,23.24699102,23.460578,3.245508594,1
139,0.00038152,3.080552843,22.59392509,22.47568893,3.080350128,1
140,0.00038152,2.946673818,21.94583911,21.74011846,2.945188365,1
141,0.00038152,2.834475449,20.78119256,20.99311873,2.830960388,1
142,0.00038152,2.73434379,20.56413805,20.60763698,2.734312982,1
143,0.00038152,2.652361111,20.06380514,20.23923539,2.652219014,1
144,0.00038152,2.582878811,19.85726811,19.85726811,2.582878811,1
145,0.00038152,2.525221926,19.52718997,19.52718997,2.525221926,1
146,0.00038152,2.476495486,19.42294359,19.25279429,2.475605939,1
147,0.00038152,2.43042348,19.05883533,19.05883533,2.43042348,1
148,0.00038152,2.390047763,18.89286897,18.97305905,2.389240681,1
149,0.00038152,2.35395373,18.82559274,18.82559274,2.35395373,1
150,0.00038152,2.325365506,18.75263283,18.6340654,2.324122015,1
151,0.00038152,2.297723387,18.56508301,18.57321121,2.297660777,1
152,0.00038152,2.263677537,18.64662718,18.64662718,2.263677537,1
153,0.00038152,2.23755746,18.6404383,18.65446587,2.237493803,1
154,0.00038152,2.208962126,19.13254888,19.0944726,2.208671252,1
155,0.00038152,2.184618598,18.98567063,19.14062495,2.184275128,1
156,0.00038152,2.167128419,18.89933875,19.09147061,2.164609255,1
157,0.00038152,2.152848126,19.04336302,19.2549247,2.147477203,1
158,0.00038152,2.136171613,19.24417892,19.24082761,2.136082539,1
159,0.00038152,2.126745752,19.14114484,19.10583329,2.126702444,1
160,0.00038152,2.120525536,19.13609116,19.084711,2.120139174,1
161,0.00038152,2.115633395,19.01486245,19.09760356,2.115497202,1
162,0.00038152,2.112881219,19.17171797,18.95268445,2.112453841,1
163,0.00038152,2.110562723,18.8587489,18.8587489,2.110562723,1
164,0.00038152,2.109556533,18.80214687,18.8124331,2.109514801,1
165,0.00038152,2.109066418,18.64231519,18.71062113,2.108939713,1
166,0.00038152,2.108791607,18.63546441,18.68495608,2.108563369,1
167,0.00038152,2.10852879,18.64214219,18.59828252,2.108347723,1
168,0.00038152,2.108345187,18.50059017,18.56007147,2.108176513,1
169,0.00038152,2.110179085,18.38870864,18.52088202,2.107971014,1
170,0.00038152,2.107838313,18.38386774,18.41907056,2.107655597,1
171,0.00038152,2.107623815,18.36804657,18.38537957,2.107164864,1
172,0.00038152,2.108709526,18.51970533,18.36937283,2.106359981,1
173,0.00038152,2.105017231,18.37787825,18.37838466,2.105012074,1
174,0.00038152,2.103301646,18.3456233,18.334853,2.103084008,1
175,0.00038152,2.100121552,18.36259805,18.36259805,2.100121552,1
176,0.00038152,2.095331892,18.45802153,18.52438948,2.095278014,1
177,0.00038152,2.088307268,18.60883629,18.60883629,2.088307268,1
178,0.00038152,2.079539985,19.17770755,18.81046739,2.078092167,1
179,0.00038152,2.067158001,19.29704152,18.82383255,2.063998284,1
180,0.00038152,2.046446742,18.98231974,19.03698001,2.046235805,1
181,0.00038152,2.026433687,19.44097586,19.23004119,2.026393884,1
182,0.00038152,2.007185559,19.59528793,19.65443809,2.006175694,1
183,0.00038152,1.982163933,20.0495564,20.0495564,1.982163933,1
184,0.00038152,1.946176283,20.63170981,20.63170981,1.946176283,1
185,0.00038152,1.895118145,21.09725343,21.19946953,1.894231348,1
186,0.00038152,1.841357486,21.65298765,21.65298765,1.841357486,1
187,0.00038152,1.801606295,21.88298751,21.88298751,1.801606295,1
188,0.00038152,1.775141958,22.13579113,22.13579113,1.775141958,1
189,0.00038152,1.753386653,22.24650969,22.2971623,1.753229362,1
190,0.00038152,1.7385936,22.68649722,22.54778931,1.729476905,1
191,0.00038152,1.708021102,22.51753556,22.77499131,1.700065933,1
192,0.00038152,1.667330644,22.58035628,23.04740026,1.666410202,1
193,0.00038152,1.626918061,22.65095812,22.73070462,1.625976395,1
194,0.00038152,1.575416886,22.8614401,22.8614401,1.575416886,1
195,0.00038152,1.54020464,23.33548471,22.68322238,1.512078203,1
196,0.00038152,1.493415009,23.04656416,23.19062626,1.432216863,1
197,0.00038152,1.325471775,23.3505652,23.46937665,1.325058274,1
198,0.00038152,1.220423646,23.76068862,23.78951866,1.195711716,1
199,0.00038152,1.03373074,24.32267428,24.32267428,1.03373074,1
200,0.00038152,0.8617977,25.02402211,24.88017187,0.859852285,1
201,0.00038152,0.71199579,25.2864613,25.2864613,0.71199579,1
202,0.00038152,0.621211717,25.42236164,25.42236164,0.621211717,1
203,0.00038152,0.549472562,26.50612831,26.62401401,0.540149717,1
204,0.00038152,0.528970677,27.54713251,26.71882814,0.46831927,1
205,0.00038152,0.397869151,27.9060304,27.9060304,0.397869151,1
206,0.00038152,0.359291605,28.91064001,28.69014968,0.352643081,1
207,0.00038152,0.374705667,29.28159853,28.94866194,0.2977502,1
208,0.00038152,0.246984121,29.94808492,29.94808492,0.246984121,1
209,0.00038152,0.208167346,30.88930112,31.0423832,0.204626242,1
210,0.00038152,0.185484365,30.96140191,31.2276981,0.155415814,1
211,0.00038152,0.102617386,30.7243075,31.04700731,0.099511347,1
212,0.00038152,0.102058439,29.54743528,29.71687995,0.064009589,1
213,0.00038152,0.04748069,26.95412285,27.27739413,0.045672183,1
214,0.00038152,0.036773046,25.88964794,25.79266559,0.036324168,1
215,0.00038152,0.069282576,24.86236333,25.54670595,0.029866189,1
216,0.00038152,0.023134735,24.79895442,24.8062285,0.023104744,1
217,0.00038152,0.02030241,25.93045865,24.37340611,0.018786482,1
218,0.00038152,0.021865419,23.97243745,23.67357689,0.015140713,1
219,0.00038152,0.01356782,23.02698255,23.29306763,0.013033184,1
220,0.00038152,0.013588895,22.15859454,22.25643475,0.011030706,1
221,0.00038152,0.010643389,21.1606154,21.12076068,0.009877694,1
222,0.00038152,0.045145986,20.39312961,20.15948754,0.009258113,1
223,0.00038152,0.012529487,19.48545385,19.33239433,0.008804961,1
224,0.00038152,0.050359878,18.53991983,18.12663265,0.008604551,1
225,0.00038152,0.039056894,16.85555426,17.0757679,0.008479393,1
226,0.00038152,0.023860623,15.95164192,16.27220188,0.008365813,1
227,0.00038152,0.035084007,14.812749,15.18218208,0.008278352,1
228,0.00038152,0.01085051,14.42151394,14.38235884,0.008442967,1
229,0.00038152,0.00871792,13.57147936,13.58643124,0.008252439,1
230,0.00038152,0.008341047,13.1251674,12.85937705,0.008214973,1
231,0.00038152,0.009687997,12.22477357,12.17161815,0.008450839,1
232,0.00038152,0.008298531,11.92667554,11.77932201,0.008198655,1
233,0.00038152,0.016598505,10.97974406,11.12167892,0.008242104,1
234,0.00038152,0.008485093,10.3942333,10.56708566,0.008082768,1
235,0.00038152,0.015115568,9.917389462,9.985444443,0.008091529,1
236,0.00038152,0.022203627,9.332451742,9.625265169,0.004058647,1
237,0.00038152,0.008744083,9.353688278,9.191819096,0.003575599,1
238,0.00038152,0.005998537,8.848933741,8.864744789,0.003495123,1
239,0.00038152,0.005240847,8.415882247,8.560890002,0.003561917,1
240,0.00038152,0.004649256,8.193692487,8.130168514,0.003331667,1
241,0.00038152,0.01505655,7.953272297,7.857394384,0.003162237,1
242,0.00038152,0.002943164,7.534052055,7.539207065,0.002748218,1
243,0.00038152,0.004988161,7.283797299,7.284637041,0.002635634,1
244,0.00038152,0.009236898,6.927042316,6.893512102,0.0025823,1
245,0.00038152,0.002468961,6.622637614,6.65092832,0.002419844,1
246,0.00038152,0.003212955,6.301453071,6.308745522,0.002337689,1
247,0.00038152,0.002961037,5.859667831,5.996391732,0.002334217,1
248,0.00038152,0.003667118,5.602280546,5.682126813,0.002353773,1
249,0.00038152,0.002534873,5.461238541,5.417966191,0.002276359,1
250,0.00038152,0.0044525,5.269650699,5.327545045,0.002164913,1
251,0.00038152,0.003123117,5.132226188,5.155420647,0.002181106,1
252,0.00038152,0.008159208,4.989978571,5.055857682,0.002178325,1
253,0.00038152,0.003752912,4.922333329,4.902054681,0.002195439,1
254,0.00038152,0.003699932,4.775866631,4.813028067,0.002173507,1
255,0.00038152,0.003398924,4.686518282,4.762853423,0.002114069,1
256,0.00038152,0.003574814,4.673713668,4.641048327,0.002099975,1
257,0.00038152,0.003056109,4.517262254,4.526209517,0.002141823,1
258,0.00038152,0.004192165,4.435657386,4.480727174,0.002061808,1
259,0.00038152,0.002122183,4.380778157,4.446729398,0.002018396,1
260,0.00038152,0.002764329,4.290324852,4.351686816,0.002001357,1
261,0.00038152,0.013763819,4.324441143,4.325317093,0.002008995,1
262,0.00038152,0.003183244,4.21221128,4.283340505,0.001989844,1
263,0.00038152,0.002108988,4.21567294,4.194053433,0.001960442,1
264,0.00038152,0.003507579,4.164816866,4.164067699,0.001948165,1
265,0.00038152,0.00242134,4.143971079,4.162957365,0.001923636,1
266,0.00038152,0.005561386,4.085341635,4.135764621,0.001935786,1
267,0.00038152,0.002571189,4.05766995,4.056908814,0.001933641,1
268,0.00038152,0.004059632,4.038468777,4.070910867,0.001907642,1
269,0.00038152,0.002513449,4.000673594,4.020063917,0.001900224,1
270,0.00038152,0.001978496,3.993069551,3.960110091,0.001939938,1
271,0.00038152,0.002424747,3.935600112,3.970949671,0.001907851,1
272,0.00038152,0.002871062,3.909715978,3.923617284,0.001894518,1
273,0.00038152,0.002154187,3.934576456,3.942124425,0.001856416,1
274,0.00038152,0.005583216,3.918403064,3.873530368,0.001884105,1
275,0.00038152,0.005925331,3.902331878,3.945541013,0.001777685,1
276,0.00038152,0.00228799,3.827809134,3.84181112,0.001798476,1
277,0.00038152,0.002397191,3.859922156,3.824144589,0.001786197,1
278,0.00038152,0.002655553,3.824814991,3.804198482,0.001611919,1
279,0.00038152,0.002773916,3.795565091,3.779887869,0.001570733,1
280,0.00038152,0.001776318,3.788354851,3.804788427,0.001502036,1
281,0.00038152,0.002338293,3.765456795,3.755027579,0.001487203,1
282,0.00038152,0.002272309,3.76439666,3.755027579,0.001487203,1
283,0.00038152,0.003308233,3.740095042,3.725791757,0.001471815,1
284,0.00038152,0.001946086,3.718326926,3.714924665,0.001461112,1
285,0.00038152,0.002942386,3.691980912,3.713695018,0.001458685,1
286,0.00038152,0.002956511,3.708613036,3.687524782,0.001449499,1
287,0.00038152,0.003772361,3.682803811,3.695489941,0.001432367,1
288,0.00038152,0.001773912,3.671387657,3.689659298,0.001404004,1
289,0.00038152,0.004920467,3.646681033,3.634637788,0.001424232,1
290,0.00038152,0.001840148,3.643780979,3.65574824,0.001397121,1
291,0.00038152,0.003135559,3.641935793,3.620132275,0.00140322,1
292,0.00038152,0.001811303,3.624217919,3.655333024,0.001367621,1
293,0.00038152,0.001478179,3.597475939,3.616765441,0.001381944,1
294,0.00038152,0.002862964,3.606907284,3.61525008,0.001369987,1
295,0.00038152,0.002081628,3.571264501,3.594206302,0.001367459,1
296,0.00038152,0.001705617,3.564883775,3.571965933,0.001357603,1
297,0.00038152,0.001434411,3.563374609,3.561384844,0.001325418,1
298,0.00038152,0.001681792,3.548634978,3.54955926,0.001309922,1
299,0.00038152,0.002050463,3.560576933,3.554085798,0.001278322,1
300,0.00038152,0.002527051,3.56714339,3.531507274,0.001270669,1
301,0.00038152,0.001399881,3.527636132,3.539585346,0.001254802,1
302,0.00038152,0.001705985,3.515322597,3.535640719,0.001238948,1
303,0.00038152,0.001307558,3.509197626,3.509233379,0.001230838,1
304,0.00038152,0.001497926,3.498550955,3.50043719,0.0012358,1
305,0.00038152,0.002500924,3.503112274,3.50043719,0.0012358,1
306,0.00038152,0.001567926,3.493212168,3.523185187,0.001213534,1
307,0.00038152,0.001303017,3.485332295,3.481075325,0.001239807,1
308,0.00038152,0.001847645,3.485649747,3.48907244,0.001213033,1
309,0.00038152,0.001429459,3.465519904,3.48907244,0.001213033,1
310,0.00038152,0.002950794,3.460435071,3.469316386,0.001215675,1
311,0.00038152,0.002074845,3.453469788,3.477686916,0.001199705,1
312,0.00038152,0.002059397,3.451017132,3.477686916,0.001199705,1
313,0.00038152,0.00136076,3.448839829,3.450105115,0.001202916,1
314,0.00038152,0.001361337,3.455771675,3.450105115,0.001202916,1
315,0.00038152,0.001973466,3.432511218,3.449594751,0.001193926,1
316,0.00038152,0.001756157,3.441795549,3.436259913,0.001141595,1
317,0.00038152,0.001442281,3.43094562,3.421120382,0.001131677,1
318,0.00038152,0.001237165,3.435186505,3.424529146,0.001108469,1
319,0.00038152,0.001221728,3.414310869,3.432179876,0.001088906,1
320,0.00038152,0.001079985,3.422657227,3.442654503,0.001048828,1
321,0.00038152,0.00251833,3.418095371,3.404972088,0.001014053,1
322,0.00038152,0.00116866,3.412701455,3.404972088,0.001014053,1
323,0.00038152,0.001813007,3.397729537,3.413357704,0.000994166,1
324,0.00038152,0.001537763,3.414653213,3.413357704,0.000994166,1
325,0.00038152,0.001250274,3.394817432,3.405356306,0.000999077,1
326,0.00038152,0.001615289,3.412649772,3.419883884,0.000968618,1
327,0.00038152,0.002883583,3.397744611,3.419883884,0.000968618,1
328,0.00038152,0.001278376,3.383734861,3.393878924,0.000981407,1
329,0.00038152,0.001064159,3.399539552,3.390521013,0.000964706,1
330,0.00038152,0.001035677,3.395254574,3.393918246,0.000950082,1
331,0.00038152,0.001064023,3.381591969,3.398590197,0.000927694,1
332,0.00038152,0.001063524,3.367290734,3.385313197,0.000935819,1
333,0.00038152,0.001447189,3.37118365,3.392009942,0.000916722,1
334,0.00038152,0.001130435,3.390885196,3.392009942,0.000916722,1
335,0.00038152,0.001481883,3.387451221,3.363032376,0.000923097,1
336,0.00038152,0.001108583,3.375841453,3.376563275,0.000906986,1
337,0.00038152,0.002553093,3.387637638,3.376563275,0.000906986,1
338,0.00038152,0.001432162,3.383253512,3.364358789,0.000899285,1
339,0.00038152,0.001389025,3.363349474,3.365531109,0.000885237,1
340,0.00038152,0.001098877,3.368099274,3.364334974,0.000884117,1
341,0.00038152,0.001268869,3.370039628,3.364334974,0.000884117,1
342,0.00038152,0.001150362,3.368591045,3.376421718,0.000874698,1
343,0.00038152,0.001333645,3.35087948,3.363879923,0.000881132,1
344,0.00038152,0.001232272,3.373695632,3.339741073,0.000874125,1
345,0.00038152,0.001626533,3.363206833,3.339741073,0.000874125,1
346,0.00038152,0.001598024,3.370539676,3.339741073,0.000874125,1
347,0.00038152,0.001144014,3.352149193,3.34848885,0.000856999,1
348,0.00038152,0.00099807,3.365312682,3.34848885,0.000856999,1
349,0.00038152,0.001024866,3.354567984,3.352691844,0.000854121,1
350,0.000343368,0.000923094,3.358727614,3.353795774,0.0008364,1
351,0.000343368,0.002065952,3.343662014,3.331903903,0.000839634,1
352,0.000343368,0.000918811,3.347832208,3.331903903,0.000839634,1
353,0.000343368,0.001339915,3.365154182,3.344295868,0.000820133,1
354,0.000343368,0.001483756,3.356645737,3.344295868,0.000820133,1
355,0.000343368,0.000957944,3.334452848,3.336897642,0.000821915,1
356,0.000343368,0.001467178,3.339847108,3.343525184,0.00081394,1
357,0.000343368,0.000865869,3.340131119,3.343525184,0.00081394,1
358,0.000343368,0.000984941,3.33683398,3.343525184,0.00081394,1
359,0.000343368,0.000987059,3.354383738,3.330467587,0.000820806,1
360,0.000343368,0.000931762,3.328372376,3.34499938,0.000810701,1
361,0.000343368,0.001105337,3.341370186,3.326140294,0.000816233,1
362,0.000343368,0.000958091,3.329176739,3.325316568,0.00080923,1
363,0.000343368,0.001175917,3.337488558,3.325316568,0.00080923,1
364,0.000343368,0.001118541,3.338143385,3.333112623,0.000791041,1
365,0.000343368,0.000952166,3.340272883,3.333112623,0.000791041,1
366,0.000343368,0.000872788,3.325910348,3.333112623,0.000791041,1
367,0.000309032,0.00103346,3.332943434,3.333112623,0.000791041,1
368,0.000309032,0.000932771,3.334282524,3.332773272,0.000772502,1
369,0.000309032,0.000923385,3.323282536,3.320921707,0.000775785,1
370,0.000309032,0.000913287,3.339186418,3.320921707,0.000775785,1
371,0.000309032,0.001027642,3.329816681,3.320921707,0.000775785,1
372,0.000309032,0.00107262,3.313870878,3.317824516,0.000763449,1
373,0.000309032,0.000854389,3.315333155,3.317824516,0.000763449,1
374,0.000309032,0.001098847,3.330599128,3.317824516,0.000763449,1
375,0.000278128,0.000786478,3.324160928,3.317824516,0.000763449,1
376,0.000278128,0.000882632,3.306301597,3.320584973,0.000759655,1
377,0.000278128,0.000921532,3.314444934,3.320584973,0.000759655,1
378,0.000278128,0.000921385,3.301252157,3.311496328,0.000763852,1
379,0.000278128,0.000828656,3.317580391,3.312244505,0.000754103,1
380,0.000278128,0.000953316,3.315884262,3.312244505,0.000754103,1
381,0.000278128,0.000929475,3.31062259,3.312244505,0.000754103,1
382,0.000250316,0.000867966,3.315219751,3.312244505,0.000754103,1
383,0.000250316,0.000813093,3.31262338,3.312367416,0.000746187,1
384,0.000250316,0.000784756,3.309335275,3.312367416,0.000746187,1
385,0.000250316,0.00080248,3.30386971,3.312367416,0.000746187,1
386,0.000225284,0.000764485,3.307653129,3.312242059,0.000736676,1
387,0.000225284,0.000806557,3.299230022,3.29689747,0.00073675,1
388,0.000225284,0.000854685,3.299444569,3.29689747,0.00073675,1
389,0.000225284,0.000797737,3.297206235,3.29689747,0.00073675,1
390,0.000202756,0.000887208,3.298033126,3.29689747,0.00073675,1
391,0.000202756,0.000909262,3.304137909,3.311893269,0.000724315,1
392,0.000202756,0.000917416,3.304921544,3.285138156,0.000740578,1
393,0.000202756,0.000819264,3.294398086,3.285138156,0.000740578,1
394,0.000202756,0.000755904,3.298535066,3.285138156,0.000740578,1
395,0.000202756,0.000784428,3.306322577,3.301703136,0.000718114,1
396,0.000202756,0.000813008,3.29439218,3.301703136,0.000718114,1
397,0.000202756,0.000740672,3.294379408,3.301703136,0.000718114,1
398,0.00018248,0.000906084,3.300862022,3.301703136,0.000718114,1
399,0.00018248,0.00083693,3.29578142,3.301703136,0.000718114,1
400,0.00018248,0.000786232,3.293229907,3.301703136,0.000718114,1
401,0.000164232,0.000855847,3.296703224,3.296774499,0.000720094,1
402,0.000164232,0.000787969,3.29665428,3.296774499,0.000720094,1
403,0.000164232,0.000897243,3.288073324,3.291266318,0.000716274,1
404,0.000164232,0.000802521,3.291067245,3.291266318,0.000716274,1
405,0.000164232,0.000776154,3.294041895,3.291266318,0.000716274,1
406,0.000147809,0.000773964,3.292372209,3.286940088,0.000718719,1
407,0.000147809,0.00075878,3.286126034,3.286940088,0.000718719,1
408,0.000147809,0.000822153,3.287434317,3.286940088,0.000718719,1
409,0.000147809,0.000830157,3.284529425,3.286365034,0.000711673,1
410,0.000147809,0.000759172,3.290204059,3.286365034,0.000711673,1
411,0.000147809,0.000889709,3.292478686,3.278097193,0.000707293,1
412,0.000147809,0.000783595,3.287518407,3.278097193,0.000707293,1
413,0.000147809,0.000730642,3.291889541,3.278097193,0.000707293,1
414,0.000133028,0.000762223,3.286759168,3.281892637,0.000704032,1
415,0.000133028,0.000728841,3.288996553,3.281892637,0.000704032,1
416,0.000133028,0.000798031,3.289682695,3.281892637,0.000704032,1
417,0.000119725,0.000735476,3.275454545,3.281892637,0.000704032,1
418,0.000119725,0.000831719,3.284548028,3.281892637,0.000704032,1
419,0.000119725,0.000813171,3.288079006,3.281926137,0.000699705,1
420,0.000119725,0.000962968,3.280828603,3.281926137,0.000699705,1
421,0.000119725,0.000736495,3.279770165,3.281926137,0.000699705,1
422,0.000107753,0.000733506,3.286673849,3.281926137,0.000699705,1
423,0.000107753,0.000807525,3.283670345,3.281926137,0.000699705,1
424,0.000107753,0.000728263,3.278756142,3.281926137,0.000699705,1
425,9.69774E-05,0.000745837,3.283077942,3.281926137,0.000699705,1
426,9.69774E-05,0.000734587,3.28226916,3.28302779,0.000695064,1
427,9.69774E-05,0.000779447,3.289144306,3.278778475,0.000695266,1
428,9.69774E-05,0.000792653,3.283577585,3.278778475,0.000695266,1
429,9.69774E-05,0.000799142,3.277282921,3.284260486,0.000685156,1
430,9.69774E-05,0.000710072,3.279769861,3.284260486,0.000685156,1
431,9.69774E-05,0.00071884,3.27907498,3.284260486,0.000685156,1
432,8.72796E-05,0.000733586,3.281406937,3.284260486,0.000685156,1
433,8.72796E-05,0.000744608,3.280517397,3.284260486,0.000685156,1
434,8.72796E-05,0.000758535,3.283151747,3.274244165,0.000685542,1
435,8.72796E-05,0.000789827,3.276186871,3.274244165,0.000685542,1
436,8.72796E-05,0.000709684,3.287170372,3.274244165,0.000685542,1
437,7.85517E-05,0.00069853,3.280417854,3.274244165,0.000685542,1
438,7.85517E-05,0.000732215,3.276049053,3.274244165,0.000685542,1
439,7.85517E-05,0.00071668,3.275142984,3.274244165,0.000685542,1
440,7.06965E-05,0.000719459,3.280582582,3.274099887,0.00068521,1
441,7.06965E-05,0.000719842,3.27775654,3.274099887,0.00068521,1
442,7.06965E-05,0.000701253,3.277484217,3.274099887,0.00068521,1
443,6.36269E-05,0.000707833,3.274408263,3.274099887,0.00068521,1
444,6.36269E-05,0.000687071,3.278857413,3.280685062,0.00067944,1
445,6.36269E-05,0.000707427,3.278491815,3.281279705,0.00067209,1
446,6.36269E-05,0.000742925,3.273880843,3.281279705,0.00067209,1
447,6.36269E-05,0.000689863,3.276943625,3.281279705,0.00067209,1
448,6.36269E-05,0.000701944,3.27247362,3.274102131,0.000674156,1
449,6.36269E-05,0.000695843,3.275806116,3.274102131,0.000674156,1
450,6.36269E-05,0.000728575,3.27761604,3.274102131,0.000674156,1
451,5.72642E-05,0.000714246,3.276283853,3.274102131,0.000674156,1
452,5.72642E-05,0.000708244,3.272554691,3.277285552,0.000666708,1
453,5.72642E-05,0.000697098,3.271169488,3.277285552,0.000666708,1
454,5.72642E-05,0.000686869,3.270913771,3.277285552,0.000666708,1
455,5.15378E-05,0.000727557,3.272840438,3.277285552,0.000666708,1
456,5.15378E-05,0.000723828,3.277242615,3.277285552,0.000666708,1
457,5.15378E-05,0.000716068,3.270091895,3.277285552,0.000666708,1
458,0.000046384,0.000710595,3.273691781,3.277285552,0.000666708,1
459,0.000046384,0.000695771,3.273442698,3.277246841,0.000664937,1
460,0.000046384,0.000705654,3.274150244,3.277246841,0.000664937,1
461,0.000046384,0.000694851,3.274775355,3.277246841,0.000664937,1
462,4.17456E-05,0.000696113,3.27638337,3.277246841,0.000664937,1
463,4.17456E-05,0.000698606,3.268872005,3.268343831,0.000670289,1
464,4.17456E-05,0.000690993,3.273661848,3.272542682,0.000666678,1
465,4.17456E-05,0.000707974,3.274252808,3.272542682,0.000666678,1
466,4.17456E-05,0.000713361,3.274085353,3.270327094,0.00066655,1
467,4.17456E-05,0.000711228,3.270523614,3.276665729,0.000659888,1
468,4.17456E-05,0.000713363,3.271367343,3.276665729,0.000659888,1
469,4.17456E-05,0.000719497,3.26654993,3.276665729,0.000659888,1
470,4.17456E-05,0.000685783,3.268712417,3.270460256,0.000660822,1
471,4.17456E-05,0.000712256,3.270083203,3.270460256,0.000660822,1
472,4.17456E-05,0.000710602,3.269197927,3.270460256,0.000660822,1
473,4.17456E-05,0.000685014,3.268697975,3.274621446,0.000650088,1
474,4.17456E-05,0.00072346,3.264334024,3.274621446,0.000650088,1
475,4.17456E-05,0.000720982,3.268421045,3.274621446,0.000650088,1
476,0.000037571,0.000705693,3.268332643,3.274621446,0.000650088,1
477,0.000037571,0.000691592,3.27637459,3.274621446,0.000650088,1
478,0.000037571,0.000670294,3.275960313,3.274621446,0.000650088,1
479,3.38139E-05,0.000731372,3.275523444,3.274621446,0.000650088,1
480,3.38139E-05,0.000703734,3.268756881,3.274621446,0.000650088,1
481,3.38139E-05,0.000666695,3.274278304,3.274621446,0.000650088,1
482,3.04325E-05,0.000698008,3.271150164,3.274621446,0.000650088,1
483,3.04325E-05,0.00069657,3.267545081,3.274621446,0.000650088,1
484,3.04325E-05,0.000688106,3.266869492,3.274621446,0.000650088,1
485,2.73893E-05,0.00068963,3.268981802,3.274621446,0.000650088,1
486,2.73893E-05,0.000694007,3.272448034,3.274621446,0.000650088,1
487,2.73893E-05,0.00070365,3.267432218,3.274621446,0.000650088,1
488,2.46503E-05,0.000714973,3.265723124,3.267944726,0.000652518,1
489,2.46503E-05,0.000696393,3.272573134,3.267944726,0.000652518,1
490,2.46503E-05,0.000707533,3.261060141,3.267944726,0.000652518,1
491,2.46503E-05,0.000681593,3.269867038,3.267913758,0.000651294,1
492,2.46503E-05,0.000704479,3.26973238,3.267913758,0.000651294,1
493,2.46503E-05,0.000705538,3.272049717,3.267913758,0.000651294,1
494,2.21853E-05,0.000674275,3.270312505,3.267913758,0.000651294,1
495,2.21853E-05,0.000696134,3.267308254,3.267913758,0.000651294,1
496,2.21853E-05,0.000691899,3.272194977,3.267913758,0.000651294,1
497,1.99668E-05,0.000695786,3.268932717,3.267913758,0.000651294,1
498,1.99668E-05,0.000689757,3.268152808,3.270751226,0.000645591,1
499,1.99668E-05,0.000678134,3.268745036,3.270751226,0.000645591,1
500,1.99668E-05,0.00068843,3.26554473,3.265012087,0.00064741,1
501,1.99668E-05,0.000673603,3.264884472,3.265012087,0.00064741,1
502,1.99668E-05,0.000675458,3.266956235,3.265012087,0.00064741,1
503,1.79701E-05,0.000685292,3.270250797,3.265012087,0.00064741,1
504,1.79701E-05,0.000685957,3.268010919,3.265012087,0.00064741,1
505,1.79701E-05,0.000695569,3.267650556,3.265012087,0.00064741,1
506,1.61731E-05,0.000695635,3.265047568,3.265012087,0.00064741,1
507,1.61731E-05,0.000674712,3.267812437,3.265012087,0.00064741,1
508,1.61731E-05,0.000676647,3.268832327,3.265012087,0.00064741,1
509,1.45558E-05,0.00068648,3.266915742,3.265012087,0.00064741,1
510,1.45558E-05,0.000686959,3.268713171,3.265012087,0.00064741,1
511,1.45558E-05,0.000682863,3.264877086,3.265012087,0.00064741,1
512,1.31002E-05,0.000680663,3.265041165,3.265012087,0.00064741,1
513,1.31002E-05,0.000680244,3.263553511,3.265012087,0.00064741,1
514,1.31002E-05,0.000690768,3.269730606,3.265012087,0.00064741,1
515,1.17902E-05,0.000675717,3.267658958,3.265012087,0.00064741,1
516,1.17902E-05,0.000686735,3.266912121,3.265012087,0.00064741,1
517,1.17902E-05,0.000673171,3.267848138,3.265012087,0.00064741,1
518,1.06112E-05,0.000667668,3.264113831,3.265012087,0.00064741,1
519,1.06112E-05,0.000673619,3.265877251,3.265012087,0.00064741,1
520,1.06112E-05,0.000678503,3.266383898,3.265012087,0.00064741,1
521,0.00000955,0.000696742,3.266214331,3.265012087,0.00064741,1
522,0.00000955,0.000683936,3.266676556,3.265012087,0.00064741,1
523,0.00000955,0.000687155,3.265863863,3.265012087,0.00064741,1
524,0.000008595,0.00067836,3.266707971,3.265012087,0.00064741,1
525,0.000008595,0.000679066,3.267749836,3.265012087,0.00064741,1
526,0.000008595,0.000696003,3.263430617,3.265012087,0.00064741,1
527,7.7355E-06,0.000679111,3.265098708,3.265012087,0.00064741,1
528,7.7355E-06,0.000680935,3.266492449,3.265012087,0.00064741,1
529,7.7355E-06,0.000679658,3.267904542,3.265012087,0.00064741,1
530,7.7355E-06,0.000676848,3.267395158,3.266774144,0.000645802,1
531,7.7355E-06,0.000677452,3.267860435,3.266774144,0.000645802,1
532,7.7355E-06,0.000678216,3.266651409,3.266774144,0.000645802,1
533,0.000006962,0.000675691,3.266787944,3.266774144,0.000645802,1
534,0.000006962,0.000682855,3.264843012,3.266774144,0.000645802,1
535,0.000006962,0.000679085,3.267387942,3.265976196,0.000640985,1
536,0.000006962,0.000675217,3.265190768,3.265976196,0.000640985,1
537,0.000006962,0.000656389,3.265718281,3.265976196,0.000640985,1
538,6.2658E-06,0.000685675,3.264524381,3.265976196,0.000640985,1
539,6.2658E-06,0.00067585,3.263938593,3.265976196,0.000640985,1
540,6.2658E-06,0.000692713,3.266646839,3.265976196,0.000640985,1
541,5.6392E-06,0.00066584,3.265623148,3.265976196,0.000640985,1
542,5.6392E-06,0.000684984,3.265428707,3.265976196,0.000640985,1
543,5.6392E-06,0.000679095,3.264770709,3.265976196,0.000640985,1
544,5.0753E-06,0.000687919,3.265378742,3.265976196,0.000640985,1
545,5.0753E-06,0.000696407,3.263492493,3.265976196,0.000640985,1
546,5.0753E-06,0.000665978,3.264216086,3.265976196,0.000640985,1
547,4.5678E-06,0.000687616,3.264806076,3.265976196,0.000640985,1
548,4.5678E-06,0.000670019,3.264226168,3.265976196,0.000640985,1
549,4.5678E-06,0.000687625,3.263557999,3.265976196,0.000640985,1
550,0.000004111,0.000681734,3.264636709,3.265976196,0.000640985,1
551,0.000004111,0.000696685,3.263404207,3.265976196,0.000640985,1
552,0.000004111,0.000677883,3.266603554,3.265976196,0.000640985,1
553,3.6999E-06,0.000677049,3.263480679,3.265976196,0.000640985,1
554,3.6999E-06,0.000662089,3.26478045,3.265976196,0.000640985,1
555,3.6999E-06,0.000679038,3.266072324,3.265976196,0.000640985,1
556,3.3299E-06,0.000673783,3.26385094,3.265976196,0.000640985,1
557,3.3299E-06,0.000668232,3.264137165,3.265976196,0.000640985,1
558,3.3299E-06,0.000674083,3.264711793,3.265976196,0.000640985,1
559,2.9969E-06,0.000667922,3.265126913,3.265976196,0.000640985,1
560,2.9969E-06,0.000672364,3.264332853,3.265976196,0.000640985,1
561,2.9969E-06,0.000685734,3.264801846,3.263494239,0.000640457,1
562,2.9969E-06,0.000682174,3.264513982,3.263494239,0.000640457,1
563,2.9969E-06,0.000674103,3.263141892,3.263494239,0.000640457,1
564,2.6972E-06,0.000680463,3.263891901,3.263494239,0.000640457,1
565,2.6972E-06,0.000673716,3.264997883,3.263494239,0.000640457,1
566,2.6972E-06,0.000675499,3.263942508,3.263494239,0.000640457,1
567,2.4275E-06,0.000668835,3.262975616,3.263494239,0.000640457,1
568,2.4275E-06,0.00066612,3.26519371,3.263494239,0.000640457,1
569,2.4275E-06,0.000684969,3.263202906,3.263494239,0.000640457,1
570,2.1847E-06,0.000690546,3.264566204,3.263494239,0.000640457,1
571,2.1847E-06,0.00067255,3.263698668,3.263494239,0.000640457,1
572,2.1847E-06,0.000671495,3.265357895,3.263494239,0.000640457,1
573,1.9663E-06,0.000689041,3.263649971,3.264270681,0.000639289,1
574,1.9663E-06,0.000673427,3.264524714,3.264270681,0.000639289,1
575,1.9663E-06,0.000669131,3.26390534,3.264270681,0.000639289,1
576,1.7696E-06,0.000678308,3.263487481,3.264270681,0.000639289,1
577,1.7696E-06,0.000677106,3.264051763,3.264270681,0.000639289,1
578,1.7696E-06,0.000677622,3.26396485,3.264270681,0.000639289,1
579,1.5927E-06,0.000664752,3.264108934,3.264270681,0.000639289,1
580,1.5927E-06,0.000672776,3.263713399,3.264270681,0.000639289,1
581,1.5927E-06,0.000681092,3.263442877,3.264270681,0.000639289,1
582,1.4334E-06,0.000681362,3.264293926,3.264270681,0.000639289,1
583,1.4334E-06,0.000680039,3.265034957,3.264270681,0.000639289,1
584,1.4334E-06,0.000667755,3.264540662,3.264270681,0.000639289,1
585,1.2901E-06,0.000698645,3.263450175,3.264270681,0.000639289,1
586,1.2901E-06,0.000687141,3.264259393,3.264270681,0.000639289,1
587,1.2901E-06,0.000679472,3.264231132,3.264270681,0.000639289,1
588,1.1611E-06,0.000659714,3.264355379,3.264270681,0.000639289,1
589,1.1611E-06,0.000686199,3.264428301,3.264270681,0.000639289,1
590,1.1611E-06,0.000656979,3.264494202,3.264270681,0.000639289,1
591,0.000001045,0.000655453,3.264675245,3.264270681,0.000639289,1
592,0.000001045,0.000666974,3.263566097,3.264270681,0.000639289,1
593,0.000001045,0.000658996,3.264469387,3.264270681,0.000639289,1
594,0.000001,0.000687761,3.264392048,3.264270681,0.000639289,1
595,0.000001,0.000679662,3.264106146,3.264270681,0.000639289,1
596,0.000001,0.000661564,3.263931917,3.264270681,0.000639289,1
597,0.000001,0.00066274,3.264404261,3.264270681,0.000639289,1
598,0.000001,0.000680811,3.264208668,3.264270681,0.000639289,1
599,0.000001,0.000678681,3.263664162,3.264270681,0.000639289,1
600,0.000001,0.000684785,3.263810026,3.264270681,0.000639289,1
601,0.000001,0.000681552,3.263067314,3.264182219,0.000637002,1
602,0.000001,0.000676537,3.263021562,3.264182219,0.000637002,1
603,0.000001,0.000686047,3.264470318,3.264182219,0.000637002,1
604,0.000001,0.000679492,3.263700559,3.264182219,0.000637002,1
605,0.000001,0.000687193,3.26383911,3.264182219,0.000637002,1
606,0.000001,0.000675286,3.262881561,3.264182219,0.000637002,1
607,0.000001,0.000663453,3.263824347,3.263819662,0.000634323,1
608,0.000001,0.000682706,3.263623909,3.263819662,0.000634323,1
609,0.000001,0.000658433,3.264432582,3.263819662,0.000634323,1
610,0.000001,0.000688611,3.263026002,3.263819662,0.000634323,1
611,0.000001,0.000674975,3.263881559,3.263819662,0.000634323,1
612,0.000001,0.000679931,3.264456408,3.263819662,0.000634323,1
613,0.000001,0.000685261,3.263809923,3.263819662,0.000634323,1
614,0.000001,0.000678368,3.264145703,3.263819662,0.000634323,1
615,0.000001,0.0006606,3.263506028,3.263819662,0.000634323,1
616,0.000001,0.0006776,3.262935664,3.263819662,0.000634323,1
617,0.000001,0.000683631,3.26365561,3.263819662,0.000634323,1
618,0.000001,0.000657429,3.263526651,3.263819662,0.000634323,1
619,0.000001,0.00067814,3.264153193,3.263819662,0.000634323,1
620,0.000001,0.000675404,3.263663076,3.263819662,0.000634323,1
621,0.000001,0.000694156,3.263667082,3.263819662,0.000634323,1
622,0.000001,0.000678234,3.263163494,3.263819662,0.000634323,1
623,0.000001,0.000674851,3.263695535,3.263819662,0.000634323,1
624,0.000001,0.000673486,3.263453543,3.263819662,0.000634323,1
625,0.000001,0.00065374,3.263735401,3.263819662,0.000634323,1
626,0.000001,0.000681196,3.263042848,3.263819662,0.000634323,1
627,0.000001,0.000668742,3.263785554,3.263819662,0.000634323,1
628,0.000001,0.000680363,3.263765304,3.263819662,0.000634323,1
629,0.000001,0.000655293,3.263418962,3.263819662,0.000634323,1
630,0.000001,0.000673958,3.26297691,3.263819662,0.000634323,1
631,0.000001,0.000668546,3.263935528,3.263819662,0.000634323,1
632,0.000001,0.000673634,3.263339973,3.263819662,0.000634323,1
633,0.000001,0.000692273,3.263549978,3.263819662,0.000634323,1
634,0.000001,0.000690482,3.263417393,3.263819662,0.000634323,1
635,0.000001,0.000676984,3.264456133,3.263819662,0.000634323,1
636,0.000001,0.000680751,3.263905015,3.263819662,0.000634323,1
637,0.000001,0.000669253,3.264190567,3.263819662,0.000634323,1
638,0.000001,0.000675449,3.263812447,3.263819662,0.000634323,1
639,0.000001,0.000647383,3.263054319,3.263819662,0.000634323,1
640,0.000001,0.000667212,3.264292652,3.263819662,0.000634323,1
641,0.000001,0.000680459,3.262909426,3.263819662,0.000634323,1
642,0.000001,0.000677455,3.262778627,3.263819662,0.000634323,1
643,0.000001,0.000673382,3.262630108,3.263819662,0.000634323,1
644,0.000001,0.000667063,3.26305365,3.263819662,0.000634323,1
645,0.000001,0.00066496,3.263181427,3.263819662,0.000634323,1
646,0.000001,0.000671901,3.264536656,3.263819662,0.000634323,1
647,0.000001,0.000663131,3.263506177,3.263819662,0.000634323,1
648,0.000001,0.000691434,3.26342599,3.263819662,0.000634323,1
649,0.000001,0.000669219,3.26256867,3.263819662,0.000634323,1
650,0.000001,0.000677231,3.263637839,3.263819662,0.000634323,1
651,0.000001,0.00068951,3.263896204,3.263819662,0.000634323,1
652,0.000001,0.000683118,3.263847624,3.263819662,0.000634323,1
653,0.000001,0.000677464,3.263020296,3.263819662,0.000634323,1
654,0.000001,0.00067314,3.263584326,3.263819662,0.000634323,1
655,0.000001,0.000681412,3.262746384,3.263819662,0.000634323,1
656,0.000001,0.000663933,3.263506978,3.263819662,0.000634323,1
657,0.000001,0.000683971,3.262832684,3.263819662,0.000634323,1
658,0.000001,0.00066633,3.264526573,3.263819662,0.000634323,1
659,0.000001,0.000676283,3.264382196,3.263819662,0.000634323,1
660,0.000001,0.000678581,3.263234261,3.263819662,0.000634323,1
661,0.000001,0.000666725,3.264543525,3.263819662,0.000634323,1
662,0.000001,0.000671856,3.263847566,3.263819662,0.000634323,1
663,0.000001,0.000684419,3.263930026,3.263819662,0.000634323,1
664,0.000001,0.000666995,3.263332397,3.263819662,0.000634323,1
665,0.000001,0.00069803,3.262513358,3.263819662,0.000634323,1
666,0.000001,0.000657262,3.263638563,3.263819662,0.000634323,1
667,0.000001,0.000690255,3.2631933,3.263819662,0.000634323,1
668,0.000001,0.000669595,3.262972724,3.263819662,0.000634323,1
669,0.000001,0.000674553,3.263939141,3.263819662,0.000634323,1
670,0.000001,0.000669087,3.263818716,3.263819662,0.000634323,1
671,0.000001,0.000659824,3.26278018,3.263819662,0.000634323,1
672,0.000001,0.000686003,3.263229822,3.263819662,0.000634323,1
673,0.000001,0.000669143,3.262663202,3.263819662,0.000634323,1
674,0.000001,0.000671346,3.262724499,3.263819662,0.000634323,1
675,0.000001,0.000670967,3.262703912,3.263819662,0.000634323,1
676,0.000001,0.00067687,3.262615909,3.263110211,0.000633564,1
677,0.000001,0.000664416,3.263098445,3.263110211,0.000633564,1
678,0.000001,0.00068262,3.262493842,3.263110211,0.000633564,1
679,0.000001,0.000667035,3.263166661,3.263110211,0.000633564,1
680,0.000001,0.000693466,3.263037644,3.263110211,0.000633564,1
681,0.000001,0.000670861,3.26289867,3.263110211,0.000633564,1
682,0.000001,0.00067049,3.262594097,3.263110211,0.000633564,1
683,0.000001,0.000665829,3.262253216,3.263110211,0.000633564,1
684,0.000001,0.000652302,3.263184249,3.263110211,0.000633564,1
685,0.000001,0.000675746,3.263581927,3.263110211,0.000633564,1
686,0.000001,0.000678899,3.263713116,3.263110211,0.000633564,1
687,0.000001,0.000666188,3.263598007,3.263110211,0.000633564,1
688,0.000001,0.000672385,3.263562453,3.263110211,0.000633564,1
689,0.000001,0.000675899,3.263787232,3.263110211,0.000633564,1
690,0.000001,0.000670813,3.263600485,3.263110211,0.000633564,1
691,0.000001,0.000680785,3.262642182,3.263110211,0.000633564,1
692,0.000001,0.000674715,3.263271174,3.263110211,0.000633564,1
693,0.000001,0.000650447,3.263308371,3.263110211,0.000633564,1
694,0.000001,0.000666622,3.263419254,3.263110211,0.000633564,1
695,0.000001,0.000657962,3.263133889,3.263110211,0.000633564,1
696,0.000001,0.000674143,3.263504802,3.263110211,0.000633564,1
697,0.000001,0.000672949,3.263824155,3.263110211,0.000633564,1
698,0.000001,0.000675423,3.263463683,3.263110211,0.000633564,1
699,0.000001,0.000666403,3.262939015,3.263110211,0.000633564,1
700,0.000001,0.000684274,3.262847224,3.263110211,0.000633564,1
701,0.000001,0.000681046,3.263140673,3.263110211,0.000633564,1
702,0.000001,0.000673596,3.262768181,3.263110211,0.000633564,1
703,0.000001,0.000683792,3.262746347,3.263110211,0.000633564,1
704,0.000001,0.000687284,3.26274464,3.263110211,0.000633564,1
705,0.000001,0.000675499,3.262627405,3.263110211,0.000633564,1
706,0.000001,0.00066825,3.26290994,3.263110211,0.000633564,1
707,0.000001,0.000673984,3.263058839,3.263110211,0.000633564,1
708,0.000001,0.000668391,3.263045492,3.263110211,0.000633564,1
709,0.000001,0.000695744,3.26338047,3.263110211,0.000633564,1
710,0.000001,0.000677443,3.26277737,3.263110211,0.000633564,1
711,0.000001,0.000671947,3.262487976,3.263110211,0.000633564,1
712,0.000001,0.000673256,3.262566635,3.263110211,0.000633564,1
713,0.000001,0.000670613,3.262879737,3.263110211,0.000633564,1
714,0.000001,0.00068382,3.262656796,3.263110211,0.000633564,1
715,0.000001,0.000667842,3.262258048,3.263110211,0.000633564,1
716,0.000001,0.000675441,3.261690902,3.263110211,0.000633564,1
717,0.000001,0.000672502,3.261947882,3.263110211,0.000633564,1
718,0.000001,0.00066717,3.263160428,3.263110211,0.000633564,1
719,0.000001,0.000688684,3.263448214,3.263110211,0.000633564,1
720,0.000001,0.000672662,3.263270465,3.263110211,0.000633564,1
721,0.000001,0.000676072,3.262452607,3.263110211,0.000633564,1
722,0.000001,0.000689046,3.262761866,3.263110211,0.000633564,1
723,0.000001,0.000680455,3.262897397,3.263110211,0.000633564,1
724,0.000001,0.000675748,3.263064842,3.263110211,0.000633564,1
725,0.000001,0.000668847,3.262519448,3.263110211,0.000633564,1
726,0.000001,0.000685223,3.261676001,3.263110211,0.000633564,1
727,0.000001,0.00067778,3.262937603,3.263110211,0.000633564,1
728,0.000001,0.000679607,3.262904869,3.263110211,0.000633564,1
729,0.000001,0.000682086,3.262829714,3.263110211,0.000633564,1
730,0.000001,0.000671917,3.262782892,3.263110211,0.000633564,1
731,0.000001,0.000686885,3.261845351,3.263110211,0.000633564,1
732,0.000001,0.000691836,3.262958034,3.263110211,0.000633564,1
733,0.000001,0.000669771,3.2629618,3.263110211,0.000633564,1
734,0.000001,0.000669398,3.262070268,3.263110211,0.000633564,1
735,0.000001,0.000688892,3.26243491,3.263110211,0.000633564,1
736,0.000001,0.00068116,3.262517306,3.263110211,0.000633564,1
737,0.000001,0.000668194,3.26287463,3.263110211,0.000633564,1
738,0.000001,0.000674694,3.26245189,3.263110211,0.000633564,1
739,0.000001,0.000687523,3.262385541,3.263110211,0.000633564,1
740,0.000001,0.000671441,3.263060511,3.263110211,0.000633564,1
741,0.000001,0.00066429,3.263561407,3.263110211,0.000633564,1
742,0.000001,0.000688306,3.26341672,3.263110211,0.000633564,1
743,0.000001,0.000666887,3.262714916,3.263110211,0.000633564,1
744,0.000001,0.000669677,3.262144166,3.263110211,0.000633564,1
745,0.000001,0.000668846,3.262356894,3.263110211,0.000633564,1
746,0.000001,0.000670951,3.262306199,3.263110211,0.000633564,1
747,0.000001,0.000674541,3.262518611,3.263110211,0.000633564,1
748,0.000001,0.000695429,3.262417966,3.263110211,0.000633564,1
749,0.000001,0.00067801,3.262926811,3.263110211,0.000633564,1
750,0.000001,0.000688998,3.262415961,3.263110211,0.000633564,1
751,0.000001,0.000675502,3.26228992,3.263110211,0.000633564,1
752,0.000001,0.000701789,3.261880838,3.263110211,0.000633564,1
753,0.000001,0.000664418,3.26240519,3.263110211,0.000633564,1
754,0.000001,0.000672694,3.262707885,3.263110211,0.000633564,1
755,0.000001,0.000681898,3.26301671,3.263110211,0.000633564,1
756,0.000001,0.000687234,3.262160694,3.263110211,0.000633564,1
757,0.000001,0.00066661,3.262281652,3.263110211,0.000633564,1
758,0.000001,0.000663992,3.262394962,3.263110211,0.000633564,1
759,0.000001,0.000685141,3.262626226,3.263110211,0.000633564,1
760,0.000001,0.000678309,3.262432051,3.263110211,0.000633564,1
761,0.000001,0.000674755,3.261767031,3.263110211,0.000633564,1
762,0.000001,0.000661793,3.261783773,3.263110211,0.000633564,1
763,0.000001,0.000685546,3.261918575,3.263110211,0.000633564,1
764,0.000001,0.000667288,3.26341479,3.263110211,0.000633564,1
765,0.000001,0.000674392,3.263416297,3.263110211,0.000633564,1
766,0.000001,0.000673405,3.262737756,3.263110211,0.000633564,1
767,0.000001,0.000690679,3.262247492,3.263110211,0.000633564,1
768,0.000001,0.000669599,3.262839273,3.263110211,0.000633564,1
769,0.000001,0.000681876,3.262914109,3.263110211,0.000633564,1
770,0.000001,0.000660252,3.263482883,3.263110211,0.000633564,1
771,0.000001,0.000681591,3.262853678,3.263110211,0.000633564,1
772,0.000001,0.00069106,3.262220222,3.263110211,0.000633564,1
773,0.000001,0.000672531,3.261877231,3.263110211,0.000633564,1
774,0.000001,0.000657512,3.261826501,3.263110211,0.000633564,1
775,0.000001,0.000671136,3.262853727,3.263110211,0.000633564,1
776,0.000001,0.000669919,3.262703936,3.263110211,0.000633564,1
777,0.000001,0.000684293,3.262389279,3.263110211,0.000633564,1
778,0.000001,0.000667044,3.262434604,3.263110211,0.000633564,1
779,0.000001,0.000690816,3.262820825,3.263110211,0.000633564,1
780,0.000001,0.000673771,3.262778905,3.263110211,0.000633564,1
781,0.000001,0.000688055,3.262117803,3.263110211,0.000633564,1
782,0.000001,0.000681972,3.262050191,3.263110211,0.000633564,1
783,0.000001,0.000660237,3.261119687,3.263110211,0.000633564,1
784,0.000001,0.000684337,3.262457263,3.263110211,0.000633564,1
785,0.000001,0.000666024,3.262809343,3.263110211,0.000633564,1
786,0.000001,0.00068361,3.262327691,3.263110211,0.000633564,1
787,0.000001,0.000655744,3.26238159,3.263110211,0.000633564,1
788,0.000001,0.000669361,3.262660957,3.263110211,0.000633564,1
789,0.000001,0.000673711,3.263283462,3.263110211,0.000633564,1
790,0.000001,0.00066253,3.261167317,3.263110211,0.000633564,1
791,0.000001,0.000688925,3.261978738,3.263110211,0.000633564,1
792,0.000001,0.000665918,3.262580767,3.263110211,0.000633564,1
793,0.000001,0.000679651,3.261767812,3.263110211,0.000633564,1
794,0.000001,0.000670672,3.262194468,3.263110211,0.000633564,1
795,0.000001,0.000683296,3.261892038,3.263110211,0.000633564,1
796,0.000001,0.000684225,3.262297248,3.263110211,0.000633564,1
797,0.000001,0.00067084,3.261515462,3.263110211,0.000633564,1
798,0.000001,0.000654608,3.262521783,3.263110211,0.000633564,1
799,0.000001,0.000673606,3.262148868,3.263110211,0.000633564,1
800,0.000001,0.000693968,3.262057181,3.263110211,0.000633564,1
801,0.000001,0.000671471,3.262306768,3.263110211,0.000633564,1
802,0.000001,0.000681157,3.262389349,3.263110211,0.000633564,1
803,0.000001,0.000683008,3.262684444,3.263110211,0.000633564,1
804,0.000001,0.000681479,3.26168955,3.263110211,0.000633564,1
805,0.000001,0.000668328,3.262181736,3.263110211,0.000633564,1
806,0.000001,0.000666246,3.262771411,3.263110211,0.000633564,1
807,0.000001,0.00066687,3.262108493,3.263110211,0.000633564,1
808,0.000001,0.00067219,3.262024664,3.263110211,0.000633564,1
809,0.000001,0.000667664,3.261770652,3.263110211,0.000633564,1
810,0.000001,0.000678081,3.261928791,3.263110211,0.000633564,1
811,0.000001,0.000670265,3.262074606,3.263110211,0.000633564,1
812,0.000001,0.000693635,3.261849228,3.263110211,0.000633564,1
813,0.000001,0.000679427,3.261692736,3.263110211,0.000633564,1
814,0.000001,0.000682139,3.261969509,3.263110211,0.000633564,1
815,0.000001,0.000659921,3.262029449,3.263110211,0.000633564,1
816,0.000001,0.000663975,3.261848828,3.263110211,0.000633564,1
817,0.000001,0.000674818,3.262428118,3.263110211,0.000633564,1
818,0.000001,0.000696506,3.26263343,3.263110211,0.000633564,1
819,0.000001,0.000657607,3.262204653,3.263110211,0.000633564,1
820,0.000001,0.000671007,3.262441754,3.263110211,0.000633564,1
821,0.000001,0.000664881,3.261937258,3.263110211,0.000633564,1
822,0.000001,0.000676963,3.262500096,3.263110211,0.000633564,1
823,0.000001,0.000669631,3.2616955,3.263110211,0.000633564,1
824,0.000001,0.000653919,3.261280489,3.263110211,0.000633564,1
825,0.000001,0.00068103,3.261883247,3.263110211,0.000633564,1
826,0.000001,0.00068412,3.261864783,3.263110211,0.000633564,1
827,0.000001,0.000676095,3.262072529,3.263110211,0.000633564,1
828,0.000001,0.000671515,3.261356522,3.263110211,0.000633564,1
829,0.000001,0.000688142,3.261695906,3.263110211,0.000633564,1
830,0.000001,0.00066842,3.261323398,3.263110211,0.000633564,1
831,0.000001,0.000681911,3.261390197,3.263110211,0.000633564,1
832,0.000001,0.000677155,3.26189312,3.263110211,0.000633564,1
833,0.000001,0.000661496,3.261569501,3.263110211,0.000633564,1
834,0.000001,0.00066252,3.262028011,3.263110211,0.000633564,1
835,0.000001,0.000690704,3.261505715,3.263110211,0.000633564,1
836,0.000001,0.000674376,3.261969429,3.263110211,0.000633564,1
837,0.000001,0.000671756,3.26118448,3.263110211,0.000633564,1
838,0.000001,0.000667647,3.260928279,3.260749948,0.000634295,1
839,0.000001,0.000681307,3.262208575,3.260749948,0.000634295,1
840,0.000001,0.000678133,3.261903446,3.260749948,0.000634295,1
841,0.000001,0.000668252,3.262306011,3.260749948,0.000634295,1
842,0.000001,0.000685797,3.2623398,3.260749948,0.000634295,1
843,0.000001,0.000675931,3.261744616,3.260749948,0.000634295,1
844,0.000001,0.000673038,3.262067218,3.260749948,0.000634295,1
845,0.000001,0.000664475,3.260945343,3.260749948,0.000634295,1
846,0.000001,0.00065956,3.261332113,3.260749948,0.000634295,1
847,0.000001,0.000674241,3.2614362,3.260749948,0.000634295,1
848,0.000001,0.00065467,3.260907384,3.260749948,0.000634295,1
849,0.000001,0.000677194,3.261990902,3.260749948,0.000634295,1
850,0.000001,0.000672451,3.262080639,3.260749948,0.000634295,1
851,0.000001,0.000658022,3.260606621,3.260749948,0.000634295,1
852,0.000001,0.000680708,3.261497428,3.260749948,0.000634295,1
853,0.000001,0.000684092,3.260819614,3.260749948,0.000634295,1
854,0.000001,0.000662396,3.262239352,3.260749948,0.000634295,1
855,0.000001,0.000674577,3.261341891,3.260749948,0.000634295,1
856,0.000001,0.000671959,3.26020077,3.260749948,0.000634295,1
857,0.000001,0.00069341,3.261776496,3.260749948,0.000634295,1
858,0.000001,0.000661434,3.261471087,3.260749948,0.000634295,1
859,0.000001,0.00068367,3.262252785,3.260749948,0.000634295,1
860,0.000001,0.000676927,3.261647445,3.260749948,0.000634295,1
861,0.000001,0.000683886,3.260900435,3.260749948,0.000634295,1
862,0.000001,0.000682411,3.261696639,3.260749948,0.000634295,1
863,0.000001,0.00067033,3.260882268,3.260749948,0.000634295,1
864,0.000001,0.000664809,3.261169331,3.260749948,0.000634295,1
865,0.000001,0.000669482,3.261059661,3.260749948,0.000634295,1
866,0.000001,0.000685491,3.26124899,3.260749948,0.000634295,1
867,0.000001,0.000670039,3.260965001,3.260749948,0.000634295,1
868,0.000001,0.00069272,3.261395419,3.260749948,0.000634295,1
869,0.000001,0.000665806,3.261695272,3.260749948,0.000634295,1
870,0.000001,0.000653359,3.261904064,3.260749948,0.000634295,1
871,0.000001,0.000666906,3.26144766,3.260749948,0.000634295,1
872,0.000001,0.0006945,3.261354576,3.260749948,0.000634295,1
873,0.000001,0.000666983,3.261528597,3.260749948,0.000634295,1
874,0.000001,0.000666587,3.26177899,3.260749948,0.000634295,1
875,0.000001,0.000669595,3.261499117,3.260749948,0.000634295,1
876,0.000001,0.000671666,3.260919628,3.260749948,0.000634295,1
877,0.000001,0.000685488,3.26098743,3.260749948,0.000634295,1
878,0.000001,0.00066829,3.260940065,3.260749948,0.000634295,1
879,0.000001,0.000660436,3.261952216,3.260749948,0.000634295,1
880,0.000001,0.000674954,3.261877771,3.260749948,0.000634295,1
881,0.000001,0.000683499,3.261142433,3.260749948,0.000634295,1
882,0.000001,0.000694166,3.26007008,3.260749948,0.000634295,1
883,0.000001,0.000674065,3.261995535,3.260749948,0.000634295,1
884,0.000001,0.000681842,3.260891832,3.260749948,0.000634295,1
885,0.000001,0.000683211,3.261523352,3.260749948,0.000634295,1
886,0.000001,0.000664542,3.261295871,3.260749948,0.000634295,1
887,0.000001,0.00069229,3.261660401,3.260749948,0.000634295,1
888,0.000001,0.00068104,3.261204674,3.260749948,0.000634295,1
889,0.000001,0.000663508,3.261091955,3.260749948,0.000634295,1
890,0.000001,0.000678219,3.26053852,3.260749948,0.000634295,1
891,0.000001,0.000675548,3.261012281,3.260749948,0.000634295,1
892,0.000001,0.000685865,3.261216045,3.260749948,0.000634295,1
893,0.000001,0.00067303,3.260833206,3.260749948,0.000634295,1
894,0.000001,0.000673687,3.261471684,3.260749948,0.000634295,1
895,0.000001,0.000670037,3.261100539,3.260749948,0.000634295,1
896,0.000001,0.000676309,3.260724076,3.260749948,0.000634295,1
897,0.000001,0.000663018,3.260907507,3.260749948,0.000634295,1
898,0.000001,0.000682522,3.260799802,3.260749948,0.000634295,1
899,0.000001,0.000666128,3.262072201,3.260749948,0.000634295,1
900,0.000001,0.000656883,3.260875193,3.260749948,0.000634295,1
901,0.000001,0.000676959,3.261003979,3.260749948,0.000634295,1
902,0.000001,0.00066785,3.261081032,3.260749948,0.000634295,1
903,0.000001,0.000659968,3.260750001,3.260749948,0.000634295,1
904,0.000001,0.000682448,3.261155209,3.260749948,0.000634295,1
905,0.000001,0.000660678,3.261195389,3.260749948,0.000634295,1
906,0.000001,0.000667137,3.26021387,3.260749948,0.000634295,1
907,0.000001,0.000665634,3.261926186,3.260749948,0.000634295,1
908,0.000001,0.000656012,3.261121979,3.260749948,0.000634295,1
909,0.000001,0.000690082,3.261277783,3.260749948,0.000634295,1
910,0.000001,0.000670325,3.260757269,3.260749948,0.000634295,1
911,0.000001,0.000678511,3.260686049,3.260749948,0.000634295,1
912,0.000001,0.000664884,3.261204932,3.260749948,0.000634295,1
913,0.000001,0.000675371,3.26017753,3.260749948,0.000634295,1
914,0.000001,0.000667724,3.260038429,3.260749948,0.000634295,1
915,0.000001,0.000676453,3.260059071,3.260749948,0.000634295,1
916,0.000001,0.000676699,3.26110014,3.260749948,0.000634295,1
917,0.000001,0.000673404,3.260871274,3.260749948,0.000634295,1
918,0.000001,0.000680443,3.260674184,3.260749948,0.000634295,1
919,0.000001,0.000664951,3.261938163,3.260749948,0.000634295,1
920,0.000001,0.000681847,3.260904922,3.260749948,0.000634295,1
921,0.000001,0.000690746,3.260780613,3.260749948,0.000634295,1
922,0.000001,0.000670196,3.26124674,3.260749948,0.000634295,1
923,0.000001,0.000676011,3.260930619,3.260749948,0.000634295,1
924,0.000001,0.000671342,3.260856296,3.260749948,0.000634295,1
925,0.000001,0.000668096,3.260875288,3.260749948,0.000634295,1
926,0.000001,0.000660752,3.261108356,3.260749948,0.000634295,1
927,0.000001,0.000669771,3.260049812,3.260749948,0.000634295,1
928,0.000001,0.000669744,3.260332024,3.260749948,0.000634295,1
929,0.000001,0.000671982,3.260383997,3.260749948,0.000634295,1
930,0.000001,0.000682906,3.260345061,3.260749948,0.000634295,1
931,0.000001,0.000669793,3.260823315,3.260749948,0.000634295,1
932,0.000001,0.000660611,3.260481453,3.260749948,0.000634295,1
933,0.000001,0.000658929,3.260120737,3.260749948,0.000634295,1
934,0.000001,0.000657617,3.260611308,3.260749948,0.000634295,1
935,0.000001,0.000681968,3.259804232,3.260749948,0.000634295,1
936,0.000001,0.000674236,3.261656185,3.260459752,0.000632788,1
937,0.000001,0.000678636,3.260736283,3.260459752,0.000632788,1
938,0.000001,0.000678494,3.260563022,3.260459752,0.000632788,1
939,0.000001,0.000669213,3.261635769,3.260459752,0.000632788,1
940,0.000001,0.000660226,3.260546161,3.260459752,0.000632788,1
941,0.000001,0.000678216,3.260624902,3.260459752,0.000632788,1
942,0.000001,0.000676307,3.260092304,3.260459752,0.000632788,1
943,0.000001,0.000664301,3.259913661,3.260459752,0.000632788,1
944,0.000001,0.000695065,3.26096601,3.260459752,0.000632788,1
945,0.000001,0.000678314,3.261144282,3.260459752,0.000632788,1
946,0.000001,0.000658177,3.260597994,3.260459752,0.000632788,1
947,0.000001,0.000679464,3.26017958,3.260459752,0.000632788,1
948,0.000001,0.000683805,3.261083214,3.260459752,0.000632788,1
949,0.000001,0.000672417,3.261305985,3.260459752,0.000632788,1
950,0.000001,0.000669612,3.259667091,3.260459752,0.000632788,1
951,0.000001,0.000671987,3.25983203,3.260459752,0.000632788,1
952,0.000001,0.000683291,3.259833177,3.260459752,0.000632788,1
953,0.000001,0.000677015,3.260801663,3.260459752,0.000632788,1
954,0.000001,0.00067988,3.260253551,3.260459752,0.000632788,1
955,0.000001,0.000659506,3.260569246,3.260459752,0.000632788,1
956,0.000001,0.000665397,3.259859899,3.260459752,0.000632788,1
957,0.000001,0.000679965,3.260035263,3.260459752,0.000632788,1
958,0.000001,0.000653241,3.260212294,3.260459752,0.000632788,1
959,0.000001,0.000657892,3.260182031,3.260459752,0.000632788,1
960,0.000001,0.000652324,3.259596646,3.260459752,0.000632788,1
961,0.000001,0.000666916,3.259757319,3.260459752,0.000632788,1
962,0.000001,0.000686624,3.261102532,3.260459752,0.000632788,1
963,0.000001,0.000668498,3.259915536,3.260459752,0.000632788,1
964,0.000001,0.000661418,3.260679856,3.260459752,0.000632788,1
965,0.000001,0.000675109,3.260374402,3.260459752,0.000632788,1
966,0.000001,0.000680472,3.260785423,3.260459752,0.000632788,1
967,0.000001,0.000673825,3.261104498,3.260459752,0.000632788,1
968,0.000001,0.000678989,3.259528827,3.260459752,0.000632788,1
969,0.000001,0.000673744,3.260375414,3.260459752,0.000632788,1
970,0.000001,0.000665762,3.259537539,3.260459752,0.000632788,1
971,0.000001,0.000687259,3.260030446,3.260459752,0.000632788,1
972,0.000001,0.00069034,3.260919059,3.260459752,0.000632788,1
973,0.000001,0.000670335,3.260179852,3.260459752,0.000632788,1
974,0.000001,0.000674355,3.259441616,3.260459752,0.000632788,1
975,0.000001,0.000674974,3.260141445,3.260459752,0.000632788,1
976,0.000001,0.00068163,3.260297377,3.260459752,0.000632788,1
977,0.000001,0.000675008,3.259675155,3.260459752,0.000632788,1
978,0.000001,0.000675552,3.260176357,3.260459752,0.000632788,1
979,0.000001,0.000675119,3.2611442,3.260459752,0.000632788,1
980,0.000001,0.000651166,3.25997052,3.260459752,0.000632788,1
981,0.000001,0.000677893,3.260192176,3.260459752,0.000632788,1
982,0.000001,0.000675649,3.260228356,3.260459752,0.000632788,1
983,0.000001,0.000676246,3.260633135,3.260459752,0.000632788,1
984,0.000001,0.000664641,3.259674053,3.260459752,0.000632788,1
985,0.000001,0.000686769,3.25971668,3.260459752,0.000632788,1
986,0.000001,0.000663811,3.258896123,3.260459752,0.000632788,1
987,0.000001,0.000682938,3.260634807,3.260459752,0.000632788,1
988,0.000001,0.00068343,3.259593976,3.260459752,0.000632788,1
989,0.000001,0.000672977,3.260333943,3.260459752,0.000632788,1
990,0.000001,0.000683305,3.260273248,3.260459752,0.000632788,1
991,0.000001,0.000655191,3.260201603,3.260459752,0.000632788,1
992,0.000001,0.000659465,3.259898955,3.260459752,0.000632788,1
993,0.000001,0.000679504,3.259895848,3.260459752,0.000632788,1
994,0.000001,0.000651836,3.259745365,3.260459752,0.000632788,1
995,0.000001,0.000649993,3.259247587,3.260459752,0.000632788,1
996,0.000001,0.000666948,3.259838315,3.260459752,0.000632788,1
997,0.000001,0.000665817,3.26059332,3.260459752,0.000632788,1
998,0.000001,0.000669289,3.260680688,3.260459752,0.000632788,1
999,0.000001,0.000665623,3.260721193,3.260459752,0.000632788,1
1000,0.000001,0.000657418,3.259358799,3.260459752,0.000632788,1
1001,0.000001,0.000676849,3.259428627,3.260459752,0.000632788,1
1002,0.000001,0.000676149,3.259787939,3.260459752,0.000632788,1
1003,0.000001,0.000680522,3.261099579,3.260459752,0.000632788,1
1004,0.000001,0.000665288,3.259547021,3.260459752,0.000632788,1
1005,0.000001,0.000673215,3.259654207,3.260459752,0.000632788,1
1006,0.000001,0.000674437,3.260520241,3.260459752,0.000632788,1
1007,0.000001,0.000664729,3.260264292,3.260459752,0.000632788,1
1008,0.000001,0.000692391,3.260113478,3.260459752,0.000632788,1
1009,0.000001,0.000669455,3.259859518,3.260459752,0.000632788,1
1010,0.000001,0.000666004,3.259871778,3.260459752,0.000632788,1
1011,0.000001,0.000670852,3.260841216,3.260459752,0.000632788,1
1012,0.000001,0.000683366,3.259522641,3.260459752,0.000632788,1
1013,0.000001,0.000683696,3.258906883,3.260459752,0.000632788,1
1014,0.000001,0.000692271,3.259122117,3.260459752,0.000632788,1
1015,0.000001,0.000680089,3.259743125,3.260459752,0.000632788,1
1016,0.000001,0.000668148,3.259990883,3.260459752,0.000632788,1
1017,0.000001,0.000685339,3.259837042,3.260459752,0.000632788,1
1018,0.000001,0.000679865,3.259292382,3.260459752,0.000632788,1
1019,0.000001,0.000672221,3.259522935,3.260459752,0.000632788,1
1020,0.000001,0.000677143,3.25888849,3.259451039,0.000632275,1
1021,0.000001,0.000658261,3.258611984,3.259451039,0.000632275,1
1022,0.000001,0.000662443,3.260167779,3.259451039,0.000632275,1
1023,0.000001,0.000672175,3.260378653,3.259451039,0.000632275,1
1024,0.000001,0.000686167,3.259864094,3.259451039,0.000632275,1
1025,0.000001,0.000677244,3.259659986,3.259451039,0.000632275,1
1026,0.000001,0.000664959,3.258972909,3.259002501,0.000631914,1
1027,0.000001,0.000665312,3.259460356,3.259002501,0.000631914,1
1028,0.000001,0.000675386,3.259854972,3.259002501,0.000631914,1
1029,0.000001,0.000662606,3.259911931,3.259002501,0.000631914,1
1030,0.000001,0.000690457,3.258974971,3.259002501,0.000631914,1
1031,0.000001,0.000686833,3.259160818,3.259002501,0.000631914,1
1032,0.000001,0.00068167,3.258987475,3.259002501,0.000631914,1
1033,0.000001,0.000664396,3.258327021,3.259002501,0.000631914,1
1034,0.000001,0.0006848,3.259029194,3.259002501,0.000631914,1
1035,0.000001,0.000687319,3.25968435,3.259002501,0.000631914,1
1036,0.000001,0.000666041,3.2597711,3.259002501,0.000631914,1
1037,0.000001,0.000681148,3.258678558,3.259002501,0.000631914,1
1038,0.000001,0.000667389,3.25945675,3.259002501,0.000631914,1
1039,0.000001,0.000679839,3.25938998,3.259002501,0.000631914,1
1040,0.000001,0.000657803,3.259697557,3.259002501,0.000631914,1
1041,0.000001,0.000679001,3.258745481,3.259002501,0.000631914,1
1042,0.000001,0.00065962,3.259460126,3.259002501,0.000631914,1
1043,0.000001,0.000654224,3.259216209,3.259002501,0.000631914,1
1044,0.000001,0.000671995,3.26022706,3.259002501,0.000631914,1
1045,0.000001,0.000665651,3.258922931,3.259002501,0.000631914,1
1046,0.000001,0.000684616,3.259804628,3.259002501,0.000631914,1
1047,0.000001,0.000661155,3.258982553,3.259002501,0.000631914,1
1048,0.000001,0.000665884,3.25892814,3.259002501,0.000631914,1
1049,0.000001,0.000671206,3.259490862,3.259002501,0.000631914,1
1050,0.000001,0.000655795,3.258828259,3.259002501,0.000631914,1
1051,0.000001,0.000666021,3.258756152,3.259002501,0.000631914,1
1052,0.000001,0.00068518,3.25997233,3.259002501,0.000631914,1
1053,0.000001,0.000665727,3.25933681,3.259002501,0.000631914,1
1054,0.000001,0.000656439,3.259701251,3.259002501,0.000631914,1
1055,0.000001,0.000689089,3.259828782,3.259002501,0.000631914,1
1056,0.000001,0.000655235,3.258642632,3.259002501,0.000631914,1
1057,0.000001,0.000682022,3.258685025,3.259002501,0.000631914,1
1058,0.000001,0.000659068,3.259683695,3.259002501,0.000631914,1
1059,0.000001,0.000670741,3.259543185,3.259002501,0.000631914,1
1060,0.000001,0.000674599,3.258517147,3.259002501,0.000631914,1
1061,0.000001,0.000679022,3.259354497,3.259002501,0.000631914,1
1062,0.000001,0.000679264,3.259139846,3.259002501,0.000631914,1
1063,0.000001,0.000671834,3.259419152,3.259002501,0.000631914,1
1064,0.000001,0.000670325,3.260010592,3.259002501,0.000631914,1
1065,0.000001,0.000683653,3.258576395,3.259002501,0.000631914,1
1066,0.000001,0.000665294,3.258628277,3.259002501,0.000631914,1
1067,0.000001,0.000670834,3.258648185,3.259002501,0.000631914,1
1068,0.000001,0.000690609,3.258404485,3.259002501,0.000631914,1
1069,0.000001,0.00066812,3.258277349,3.259002501,0.000631914,1
1070,0.000001,0.000664722,3.258767759,3.259002501,0.000631914,1
1071,0.000001,0.000682309,3.25865598,3.259002501,0.000631914,1
1072,0.000001,0.00067616,3.259480798,3.259507073,0.000628839,1
1073,0.000001,0.000684525,3.258350273,3.259507073,0.000628839,1
1074,0.000001,0.000671076,3.25839814,3.259507073,0.000628839,1
1075,0.000001,0.000676949,3.259252408,3.259507073,0.000628839,1
1076,0.000001,0.000670737,3.259060956,3.259507073,0.000628839,1
1077,0.000001,0.000648795,3.259346723,3.259507073,0.000628839,1
1078,0.000001,0.000679248,3.25909171,3.259507073,0.000628839,1
1079,0.000001,0.00067672,3.259145775,3.259507073,0.000628839,1
1080,0.000001,0.00066234,3.258142314,3.259507073,0.000628839,1
1081,0.000001,0.000649088,3.259059051,3.259507073,0.000628839,1
1082,0.000001,0.000675969,3.258514636,3.259507073,0.000628839,1
1083,0.000001,0.00066646,3.259235689,3.259507073,0.000628839,1
1084,0.000001,0.000664175,3.258124206,3.259507073,0.000628839,1
1085,0.000001,0.000679326,3.259573871,3.259507073,0.000628839,1
1086,0.000001,0.000672856,3.258794176,3.259507073,0.000628839,1
1087,0.000001,0.000676382,3.258717743,3.259507073,0.000628839,1
1088,0.000001,0.000653615,3.258117402,3.259507073,0.000628839,1
1089,0.000001,0.000670425,3.259051645,3.259507073,0.000628839,1
1090,0.000001,0.000674918,3.258793603,3.259507073,0.000628839,1
1091,0.000001,0.00067059,3.258870054,3.259507073,0.000628839,1
1092,0.000001,0.000679204,3.25852957,3.259507073,0.000628839,1
1093,0.000001,0.000673262,3.258588153,3.259507073,0.000628839,1
1094,0.000001,0.000682345,3.258322846,3.259507073,0.000628839,1
1095,0.000001,0.000673434,3.258072285,3.259507073,0.000628839,1
1096,0.000001,0.000659732,3.257776779,3.259507073,0.000628839,1
1097,0.000001,0.000660428,3.25830253,3.259507073,0.000628839,1
1098,0.000001,0.000673563,3.259032448,3.259507073,0.000628839,1
1099,0.000001,0.000666782,3.258488574,3.259507073,0.000628839,1
1100,0.000001,0.000685945,3.258396092,3.259507073,0.000628839,1
1101,0.000001,0.000669946,3.258731773,3.259507073,0.000628839,1
1102,0.000001,0.000670474,3.258049158,3.259507073,0.000628839,1
1103,0.000001,0.000679845,3.258189869,3.259507073,0.000628839,1
1104,0.000001,0.00067265,3.258996677,3.259507073,0.000628839,1
1105,0.000001,0.000652032,3.258520249,3.259507073,0.000628839,1
1106,0.000001,0.000676029,3.258100503,3.259507073,0.000628839,1
1107,0.000001,0.000664064,3.259526411,3.259507073,0.000628839,1
1108,0.000001,0.000668719,3.258243773,3.259507073,0.000628839,1
1109,0.000001,0.000664014,3.258778434,3.259507073,0.000628839,1
1110,0.000001,0.000690815,3.258187592,3.259507073,0.000628839,1
1111,0.000001,0.00067543,3.258414911,3.259507073,0.000628839,1
1112,0.000001,0.000649773,3.257510769,3.259507073,0.000628839,1
1113,0.000001,0.000671256,3.258182295,3.259507073,0.000628839,1
1114,0.000001,0.000682728,3.258246762,3.259507073,0.000628839,1
1115,0.000001,0.000650055,3.258378558,3.259507073,0.000628839,1
1116,0.000001,0.00067374,3.258534291,3.259507073,0.000628839,1
1117,0.000001,0.000654125,3.258233024,3.259507073,0.000628839,1
1118,0.000001,0.000665122,3.257979242,3.259507073,0.000628839,1
1119,0.000001,0.000677235,3.258115148,3.259507073,0.000628839,1
